S0V5H5	"HHDDGSIKADQIGAIEAWSCHVCLSELKLARTNDHRDYNFAKGEQTVNFWDGCGNEIYRAHQEFVYFMTHCIYKRKKGYMNKDCVRPDQQWKCWYHGNNMASLYEERRQIGWAYKLSGMDPFMFWHTLCANKEQFAFGTLGYKQYIFIAARRCRIFAKCPNVVFLRERYALCN"	"f c f w g x u x b l"	"9606"	"S0V5H5"	"uniprot"	"Protein;Polypeptide;BiologicalEntity;NamedThing;Entity"
P3D6R6	"CFYMGFGWTGSAWWIYNPLPNEWFTDQVEKQIIKGVIAVSIPETSKGPQHHGVAQKSDKSHEPRMWRSHLHKTIVERACIMFEAARWIIMRWRVFKAHWIGADPSWTNMDCGMPDCIAIIFPPIIQDDTALNLLWFDFHNKPWVFFMEDWAIYMWNKPPSELHHPWMKRNHCFPNWGVVCGNNMIIGNFSIFYHEPGSSWWYWDGKGLHHMPVAYEWYWADCMIGELMVDFRFARTGILCIDD"	"p p t o x l m t x w"	"9606"	"P3D6R6"	"uniprot"	"Protein;Polypeptide;BiologicalEntity;NamedThing;Entity"
K9U9W7	"WDMLRGYQCDSERWSDWNYFEWHKFMVWGYANSSYTMAWFMNKVYLVLLLIGGGMKVTCDNNLLR"	"t c l s o w x w e r"	"9606"	"K9U9W7"	"uniprot"	"Protein;Polypeptide;BiologicalEntity;NamedThing;Entity"
C1U1W7	"GLVTCSVCQNGEIMDHVAGDKCDRWICQSWRDCYVQYRSVPERPNMAWGSDMTDGVVDLETRPTRCITSLGNATDLWMHPARAGNCTSPAAWGGKWNNRTLLENKMYKPHNLGLVMASFTSCPPLSQQSNSPLNWCSKHTKTYIMSMTDLHKDNYQSGHPERLTTMDIFWVREKI"	"y j r z x x q m c g"	"9606"	"C1U1W7"	"uniprot"	"Protein;Polypeptide;BiologicalEntity;NamedThing;Entity"
R1Y7Q7	"AQLHWNALPGNCAPEIWDTNGEAIITWHCNHGKFSVCAKDMADFYVFKKWFHYTGPNHQSLLRSQVRFMIAGMTKKACAPRLSDTKNFFS"	"z o f o t k o s d m"	"9606"	"R1Y7Q7"	"uniprot"	"Protein;Polypeptide;BiologicalEntity;NamedThing;Entity"
S3K0M2	"SHTPVHTEIQIMDHYMLLIQWSSCKHEKKVVRYCPHPWGCRNWFHPRYGPYILMSESTIGEAEHDSIWLHKNFHISLYSHHCDVNDVEASIEADYERGATHKVISCWRQCCYCFFIRHIHQRNMECYFVSPSKTVYPYQWVVSVVIQFYHIKDALVGKFHWFMMHTCKDGTECSNLAMLWFMRG"	"w z f k w o j f o r"	"9606"	"S3K0M2"	"uniprot"	"Protein;Polypeptide;BiologicalEntity;NamedThing;Entity"
B3G8C0	"KSIYPDRDKNAWHVDPWMMRAKNNQRPWFHTEFALPHFACCCPRNENGAKYTPTHGSKDISQHNLEFMNHVREARSAPEPDTWPDGFFKDIAARFNLPPYNPKNAAY"	"l u t u y p i t t o"	"9606"	"B3G8C0"	"uniprot"	"Protein;Polypeptide;BiologicalEntity;NamedThing;Entity"
W6L1Z0	"FVLLHDFKEAFAAFMAGPTFGGQLCKSYHDELAKPSFDGNQPMVKVGLCCCLPRNSCCATYAVLITMNFVFITCDAPQVKYINPGIIKKVRPVGWVRRESDVYHIFLECMSQESTQKPKGPLGMMATWPIQPDSLEIDNN"	"i j q b w y h j u i"	"9606"	"W6L1Z0"	"uniprot"	"Protein;Polypeptide;BiologicalEntity;NamedThing;Entity"
H5M4U7	"YQAIYPQIYISHHQGYEDLWSYNVKPYVDCPFSMHEFSTHSIECRMLMVKVQCIFARQIFHTDVYECICCFDRQMKMFNWMKKQRPPIWPCTHCASNFVTQ"	"s b t o n q j r c p"	"9606"	"H5M4U7"	"uniprot"	"Protein;Polypeptide;BiologicalEntity;NamedThing;Entity"
Z5A8T1	"TNEHLPECFLTVFECEIFYIQVNGFQASLHMEQMCSFWKIHVNHQDLHHIAPNTQYKYNMHFNILTILHREVMGDKTYLEIGNFGKNDEAFHFTLQMRPLMLKSRPHQMAQYQSKYQHDEEQNICTMIVFVGYVATFADSQMYMKYFCCNNNRFCGNVLEFNMPVFTTS"	"c r y o b f z z t p"	"9606"	"Z5A8T1"	"uniprot"	"Protein;Polypeptide;BiologicalEntity;NamedThing;Entity"
A7R0N7	"HNTSHCADLHCHMPGVFGCEAGSGFAARAHMDSKQDRVMMKGCIHSMTDANIAFLQMRSPHRNALKWWPFFLRECCAFKTQNEMQFNNFKAMCCEAYPTPPIQQHEIRMASVYIAFTYYAGTMIRFKEACWYAKASDSGVGK"	"w b l u i h o m g a"	"9606"	"A7R0N7"	"uniprot"	"Protein;Polypeptide;BiologicalEntity;NamedThing;Entity"
J3S7K1	"AGPQLHADWLTEWYTEDKGEWRKWTADKVPEPDIPHFAQPTMDTHTVDWPKPVCHFYHHQKDTSRCHAACCPVKPTYCHICDCPIRKPGHTREGAREFAYKHTFWCFRHQQQNDWNCQDVCQMRGEVDWWTCHFGGDDYMNNCQTQ"	"t l n k r m s p v n"	"9606"	"J3S7K1"	"uniprot"	"Protein;Polypeptide;BiologicalEntity;NamedThing;Entity"
W5Z5K3	"MYCYMSCPTPCYTATIIQTYFHNTENKMSNKCQPHRSGIEDYSKTTFRHCIDADVSRFGTVYVCRQCGQFTVTFEHLPNVAQDTWFSSGLLVLCHKALVSFCDYMMNKVIFQFDWERYLEPAISPLMTNTASPDYERQDRGSMWRWCNLPLRTWMRGGPHWWPIFDCI"	"f w x v u x g y a e"	"9606"	"W5Z5K3"	"uniprot"	"Protein;Polypeptide;BiologicalEntity;NamedThing;Entity"
E7S7G5	"PVMYFNVICTYMELILRCVMIIRTCFAIIQRPFFWLEVDLQNSVCIVEEMYESESDWYDERMTWEMGSQHHMFESSQRYTTNECWSVQDHWGLSDMKEPWTSVCFFVYCCMNYPLTHEQAKCWDVRQSFVMYMSKDQIYELEQHSMFRAGHCPRHKDRWEHHSWPSTSYAEAVNRYSKNEGMILMCEDHSYMDDWKSWQYRPECNFAPAASRWTHNAEMVMMDHAQSLAVQLNHMDI"	"k w p u z q i w m c"	"9606"	"E7S7G5"	"uniprot"	"Protein;Polypeptide;BiologicalEntity;NamedThing;Entity"
Z3F2O7	"ICPMVQPSKYPHTRIARWNGWFHVTCDVFKMSRSWMRAFIQFLHKSTEFQILQTNNACSMVKYTISGFQYQCYYDQFKVTPTTSRLKPIHWMTFEFQKQAIAIRSSMARPMQAYVMHTIFQTIRCAPFCDALITTRYCEACMYMDHAHLSQQYPKPYLHFHRPQDGE"	"g b r v c d t z p z"	"9606"	"Z3F2O7"	"uniprot"	"Protein;Polypeptide;BiologicalEntity;NamedThing;Entity"
R6K2W0	"NRMGRYRWLKDSWRRPAMMWSCWGGGYKPQPPVWQYMFAFVELWYCSPTIMAANMKDPGMNTQCPEEVLEGCNGHPWLWCLTVSCETVNTIGDMMDPTAKMSPCMTWTHNPVQDKYKGLEPSMCQLGKPIVYWVKAGSMPVYQKSMRLVQGANTHHHMTTEHCKLTQTFHVYIYMLGTAAPTFGPFGDWHPNRCLPFWCLRIDENSPV"	"u v x r q b r h q l"	"9606"	"R6K2W0"	"uniprot"	"Protein;Polypeptide;BiologicalEntity;NamedThing;Entity"
S1T7L8	"RCCKACCVCLLIRADINHHKEGDALYQIDGMESEAKRGMFSEKCLQPPAYLVTTWAHDAFYKLPTSCFVGNFTWLTVVYPQMETNQKHEYVGLLPVIFTFKVYNPICLGQHYQTDRYPRWRGYKMEMCWQMTMDLCSWMHSVH"	"q o o f c b o c q x"	"9606"	"S1T7L8"	"uniprot"	"Protein;Polypeptide;BiologicalEntity;NamedThing;Entity"
J9W5T8	"TREHDNYDMMYMNGGKFTAQEITLFKCKRCMPWKIWTFHKITRHNVDQNVICMPHYNMCMYIFECVAENPQEHVLGMQNCEVDWDWDNWWTSENPESKSFWDISCLYSHDTN"	"d p m g p a j a x i"	"9606"	"J9W5T8"	"uniprot"	"Protein;Polypeptide;BiologicalEntity;NamedThing;Entity"
K3O9H4	"TFAYQNHKHCLGRKIVGTARFYKYGETIVHAWWFMDPLHCWGFAEIVWPPACLLWGCAIQTCLCDMSESHQGHNLCGRGWIEYIHEELDGMKKRPRQERDALPNVPKAWQACCTFVTYDGSWYGPPKHLIINDQVKAKIGMWDYRMWKSWQGYWTRWFYAMKQYLWEFYHKYMNAEKLWIMPCVQWTRHYDWTAELCNTLH"	"p z p w b n l z q d"	"9606"	"K3O9H4"	"uniprot"	"Protein;Polypeptide;BiologicalEntity;NamedThing;Entity"
M7U4W6	"GQTDCWPPDKVIYWGLSVRVTLLTGYMQSNGMAMDRQCEEDTLAMVHICFNFRHFKTWPLKKMECIPIYCCVLFVNNPCCLCEMFKRIQRVIGYFLSERTNEPHHM"	"i y e k g m w c t z"	"9606"	"M7U4W6"	"uniprot"	"Protein;Polypeptide;BiologicalEntity;NamedThing;Entity"
H9H9Y7	"IELEKAYVKATSKPYACFSDIAHCSPGYTVAALMPNTFDHFFDQRFNYQWRDWCTVCVVGRPRTTQPRMSMNKMKTKCMYTCYHDEGHTVKSLFDRFVPTDWTNYDQVFCNYYGHTYCNGMWGQWKKRWASCR"	"f u n l e g j t c y"	"9606"	"H9H9Y7"	"uniprot"	"Protein;Polypeptide;BiologicalEntity;NamedThing;Entity"
D3D5T8	"LDTQAWITNWMVFKRNHATGLNNALLPLKHQSGGIWDFLWWCMNMITAPWHLVRTHSCMNQKKRSKEKCSVTYDFFQYFRRDPNMGAGSQLTKGQWSYISMYCFEMQQIGDINTSL"	"p y t a x k s t r f"	"9606"	"D3D5T8"	"uniprot"	"Protein;Polypeptide;BiologicalEntity;NamedThing;Entity"
U8B6E7	"KFVMIPYENGSMCLCQEMQDVTGECAVCMKPELWFNDLKCPKCGHNYCSSMYCVVRECNISAGYTRYEAAQEHTDNFMHTNCQAHYSKNKRNQAAHSSFEWFDQLCQTPMVYCILWGPDCCCELKESWLLKVRYAVGGVEVAWDCCKSCREVEVPICEGAPWWHIRYKNQRYTLYDDWEDMNAWMPHHVAFSYYNEDEVGIMPPHDVDGWEEWALEMLVAINREFYQI"	"q e b p k h r d y a"	"9606"	"U8B6E7"	"uniprot"	"Protein;Polypeptide;BiologicalEntity;NamedThing;Entity"
Y3Z3Z3	"WYVYVNWSRKDKDWKFVRTGATCTEGLSQMYPQLYYKCMYHGMDYYQIQSMYLTFCGDEFWWLPFFMGHRPPYHMMREHTSKAEFTGATITPQWGDNHIYESRWLICPCAFLRISVSMPRWGPAWCWAMPWQYVNCIMRTSKVIPMAITETAWNTLNPAVRYWWAKWDKPWHMSGSCHNMEKAFTKDGPLKSDLQAAVIEMGETSRVNLSRRCTVNAFAGINRWRWRYIIPVH"	"h t c p n d n j e o"	"9606"	"Y3Z3Z3"	"uniprot"	"Protein;Polypeptide;BiologicalEntity;NamedThing;Entity"
P6R5T6	"VCLLCYCQDPFWPSHWMDKRPMKFQVWIQITPWSYDCLSWHTHDNGCGSCQKAALVCEGFATSRGAPALYRLKWHWSHMECRPMLEPLNGWINKIYKWWCWPNQRNIRRAKTWWLAMIDSTASNEGPCGRNMSQGIYYVQLYH"	"t y z f z s s q d m"	"9606"	"P6R5T6"	"uniprot"	"Protein;Polypeptide;BiologicalEntity;NamedThing;Entity"
M3J0P1	"PHKQYRVDISMRDYLYKERKDYMREWPMEHWHGPHFLFYQWWDHLEAEEIIVKFDCFFYIQHEFFFAMRCPSHDMFTTESTRDY"	"y w o u q d a b d o"	"9606"	"M3J0P1"	"uniprot"	"Protein;Polypeptide;BiologicalEntity;NamedThing;Entity"
P6Z3B3	"YRCPTANYQKWHTMPLKPMNPCFKVTSKNGCQLDCSWAPGCCLTEQDRFPMDIRHIYMAFCNHACDEHCFCFPTNKNKPYPINTTPKSGYCKCECQMQNMRENWDSSGNCMDIMVCCATNCNYFKNDDDPQIITYVPCKDALIVEHFCGKVIMRHKMPSDIDKNRHQYEEIGDQFTTSKQMIGFSIIYFIARQGATPYRAANKVINIPKFHAFLFGPCFYPE"	"m x d b j n b k b m"	"9606"	"P6Z3B3"	"uniprot"	"Protein;Polypeptide;BiologicalEntity;NamedThing;Entity"
X1Y6G9	"KREQKFMWPWHSFWYLSGMNIRWFIIHELQGPIENSDYRIHRLFQTVYYCPYSHLWHPFTPHCPSGFVEMMNNYLVAACVVQCTNYLVGMNLIHYDSCILSHFVWRIPGIVGSYDCQHYWMRNQMPVSTMQYYHALMCWEHCEDHAIVLNGRHTEMKWSHCICHSKHGEVYKYESKQNIVSNQEWWCCKDHSKRSDMYHYRQGDPA"	"j k y z u r i h o s"	"9606"	"X1Y6G9"	"uniprot"	"Protein;Polypeptide;BiologicalEntity;NamedThing;Entity"
Y6Y1M3	"SVINGLAWAVHVYDRCQVVSTMCDMCQRQPILKGVIVNPKAYSIGLWTMNLYHTPHTNADHKLIRDDLPDTWPLPTCPLKNHNIHWPAYNNLSMEGKHSTNGGYSPTLSYNEFHIMASENRNIQVGQKELPEEGYKHSCVLREYIDLQTTPGWDFVTGCYHKSVCVHAHITHDLFKFFFTFFHRHAKYPEEFMDMCKTYIDPWHYN"	"p t z q t d w g k v"	"9606"	"Y6Y1M3"	"uniprot"	"Protein;Polypeptide;BiologicalEntity;NamedThing;Entity"
X6W3S8	"FFDKMGYHMWIQRQCLIRTHNNNVHMCCDWNMEEWTANLSPLTMRSVQGHIHNMPYYFKTSSYGMCSYCCDPCKQWSDDIHTMQEHNHDDCTMMATLEERLLIAGQHDINCFFQYPCCRFTHDSTEKWWVERHSRNSSCQKKSMKQFELNERIRQTGWIMNWCRPCDTFIQKIKTDHHLHVWVEPLQIVLHRNMIVEYIHMVLPPSTYSIVPETAKPAHFKGHQVDRTIQAEVAHTNKEM"	"c r o c g x t r l d"	"9606"	"X6W3S8"	"uniprot"	"Protein;Polypeptide;BiologicalEntity;NamedThing;Entity"
F3P8X1	"RQQWGSLKDKCYWAQGNTSWKLTMLMMMCHIRHNQEKGSELGWCEHDKLARIQMRQQKTTNEMYVKSKGDAYKWTRCNTWLSHMNYTRRAARGNNLIQCAYHIRVCPVFSPELQEDTNSYWSNCREAQ"	"t e c o q i j m e e"	"9606"	"F3P8X1"	"uniprot"	"Protein;Polypeptide;BiologicalEntity;NamedThing;Entity"
Z9F9Y8	"GIFLFGIASLWSHMEKFPSNRAHEDAHQPCRKQNHIPEKSFVMTDVFPQREWKAMFPRILFRPTERVNCCEMHCPMEWAQFNEFEGNKPCFGCPAICKHYARHGWNYTKHPLEQYERQP"	"d p l q k t g c j j"	"9606"	"Z9F9Y8"	"uniprot"	"Protein;Polypeptide;BiologicalEntity;NamedThing;Entity"
E1O1Q1	"CMVECCPCAACFWLKCNKALGGTINEHMGRRWKLCCYYSLSVVLNMQTKVQVFFHLKYTIEMHDNVPDYSTVCPNAGSFRTNDKDLDETIIIDFAEYFNFPDEDEIQISCVCSVGWYTVAACYPQFYEVMLWRQNEEWQVAYLILFPWYCASFHPHHVTGNSAYVVLYTKPIEYHHPLPEKKCCKEEMCLAQAPCLMSTFIGAIWD"	"o s z s r h g a a e"	"9606"	"E1O1Q1"	"uniprot"	"Protein;Polypeptide;BiologicalEntity;NamedThing;Entity"
Y3O3Y8	"SCDQLFYIRQPHQGIWVADAHQRNWIDHQGDADCLDWAQLIYLPHIYSYRPARRVWGHQCSWNECGDTEGSTKHNQLYMWIRECFHCRCQEWPVCCRLTTGKMYNITSAWTSEHRKSRIMPTWDYPWRIMSGLDNRYHPQCTDFWSAVPKFPLIYMDENWWFPRQMWCNSYFFSSFMIWPNVIRSKFRWCDVK"	"f u e z v j e x u t"	"9606"	"Y3O3Y8"	"uniprot"	"Protein;Polypeptide;BiologicalEntity;NamedThing;Entity"
K1P8H6	"TRFDPISRQNGSISWMTEGFINGGARVCTHAQDTCHHTTTEQDWLYFNHTANESCRENMCGVPENFCE"	"f p u q s t k u s y"	"9606"	"K1P8H6"	"uniprot"	"Protein;Polypeptide;BiologicalEntity;NamedThing;Entity"
M8E3V2	"TLEQSEYPDKCRELGLNIMTAIESNKGMSKGRERMDLHWWEDYKFMQNSREQYFFTEWWMHWKWHKCPCSMRIDFRDGLSEYKKAWESPKPCWDLRPFSGPGDHTKGGP"	"p v j g h p h f x o"	"9606"	"M8E3V2"	"uniprot"	"Protein;Polypeptide;BiologicalEntity;NamedThing;Entity"
A6Q3T4	"PLTEIKNGGECAYESWFVDPPGDSLFSFAKTGMCAGQCHMWQVYPISQCYWEWKMFKYFKSNLNTQPYWKWISASYKESKVRYNYNIHQYPKCKCYEFFGEAPIQHEFIAHQYTDFLKLCYHLHPCEVRYYHHY"	"m a g f f b h t z l"	"9606"	"A6Q3T4"	"uniprot"	"Protein;Polypeptide;BiologicalEntity;NamedThing;Entity"
H8Q3X6	"HQILWDFNESPYTRMMHVKHLFFMWKTDTLYPRNRMWHLKDLHVLGEFDKFFCAETGYGYGDVYSRNDGPMSPIIQLAHMQLCIAYLWMPEGFCRRSK"	"z c f u y w k a r e"	"9606"	"H8Q3X6"	"uniprot"	"Protein;Polypeptide;BiologicalEntity;NamedThing;Entity"
X9G1Z9	"FQKHKAHIHSFYKAWTDQDMTYLSWPETSWFWYMKWISVQNEQYLAYQYQEKQKIWARS"	"e k h p j i m a a r"	"9606"	"X9G1Z9"	"uniprot"	"Protein;Polypeptide;BiologicalEntity;NamedThing;Entity"
H5E0O2	"KNFHPNKYGKSSPWIISSVQDQGKPSCVTLSDFNRTKKGRFFIDMHYATRLLEYDLQAQWHRQYVAKSISMPCLGVWFTNCHKPGMCDMCRAAFAYVNSRLWYLNNWPIRWLWARAIPTHAPWHDDAQVSHNFDPLCPNMDNKYYHMYPNENVIADWTVCCFTSR"	"q m s z q q b c n v"	"9606"	"H5E0O2"	"uniprot"	"Protein;Polypeptide;BiologicalEntity;NamedThing;Entity"
J9D6V1	"PKGACIFRYLTNPNQMWIFNCFAGKKNYQVAVRDKYWTRSYNIPRRSAQLYSNHYEVLTHQPGSNNIRLTCMYVMYIGWMFIGYIYHSFACIWMWPSQSRIFHSGHTSGQIQHRIITKANGFWHRVCGSMEWDVWCYDNKHQSMYFMPGHYQGHYPSIVHCKNVIQWLSHNTMG"	"h e r r j s g p a g"	"9606"	"J9D6V1"	"uniprot"	"Protein;Polypeptide;BiologicalEntity;NamedThing;Entity"
V6F0Z7	"IHDGDHEAWALFACNRGYSMLMIACKERAKMEETEGWSHVAGTAIYQRTRTFVYGAKWAHLERTYRIQPWPTSSTHPNLKPGSGNACGVPHGSFMGSKRIALFFTNMTINPQYEKISGMWKNSLGHCYRMHYDGTGRCAMELKWLCTTWMCTRYSGLHENRWDTVRKHKEPVPACW"	"y k p p b p e k b h"	"9606"	"V6F0Z7"	"uniprot"	"Protein;Polypeptide;BiologicalEntity;NamedThing;Entity"
J0U1E0	"IDWPMWAMSANLSNEVFIMLHEPHMMKWRMSQWLDRKMPHETANEVLNWLYCLAKFEEWDDMIPLRLPFKLEWQFNPEMWICAQDFMTPSFIRCEGQYEFLFVLMKPFSRLMNKECVCPHDTKAWLFDSFKMNDPRCQQMRQSHKPTNGCHIFYMDNFWNFETQEDEYIKVLNSRFGVPSSAEGFK"	"g j y t k m t l z k"	"9606"	"J0U1E0"	"uniprot"	"Protein;Polypeptide;BiologicalEntity;NamedThing;Entity"
B5V4B5	"GGWFPGDTCNNSYPVLTIGYENTHFTMVKLADQPESVVDIIWQHMWTCRKEEVAWTSQPRIPELTNSFKEPTQIGWPIFRACCWRPENMCLAYHARVLDYYVVDVCPPGCLCCFEDCWPPYFVANDYFFCSWVMQPACVQADEGGEDAPVLVAYVFFVQYGKGPHRNMEPIGKGHMENTWSSFRYGCFTCPTRGRYHQKLNARYPWCFEYYNWATMYQDGHTKFWGMENLMPLCNILAYVVYQIRR"	"m x s x d l b t d j"	"9606"	"B5V4B5"	"uniprot"	"Protein;Polypeptide;BiologicalEntity;NamedThing;Entity"
I4X8T6	"YRAYMFVPPDAECTGCGAQGYQVINNSFCYQINYCRGTIASNAATQISQQVCRYLDKFDSEMLTNYAMTRWAATAAPEPEIPAEFYGYMYKKKWYSLGPEYHNDLIFYGACLPSGVTQRGKERELDIQTHPYP"	"k z l w m z v p o f"	"9606"	"I4X8T6"	"uniprot"	"Protein;Polypeptide;BiologicalEntity;NamedThing;Entity"
A1Y2K4	"TMWIHVKSFRSDDNVNNIQSCDTRQEYICFLVITNCIWDTCFHFGTAHFLTFAKTGIDQLVHVCIMYVSWNDQNHAQYWTLCSPDRHPHNEWCQVELHWTMEMFRIIQRDTELCRCQQTEDEYWQGNSEKGCGFRIQRYAACPVYHTWISICVWMRKNVWCCYSPYMAQLLIYIILWKQCQKVPALCYATDMYVNNSYNDCQ"	"h s z x g h g l h t"	"9606"	"A1Y2K4"	"uniprot"	"Protein;Polypeptide;BiologicalEntity;NamedThing;Entity"
N5N8F0	"RACVTRVKISGLMCSKYMNNMEPKIGHMDFIAFCDVIAVCWKSSRPEMHPIMWDAEFLNWPHQCTMAACDIMYWPMRSFRVSESTLTDIWMAAMAKIHT"	"x v p e t c c u y d"	"9606"	"N5N8F0"	"uniprot"	"Protein;Polypeptide;BiologicalEntity;NamedThing;Entity"
N5S3T3	"DWDFYSKHDPHSVLDLLHQKMDALMGYTSIMRADGEDECHMNFINGCEENSLVHKRQTCYLMKYRTIFIYRFWANWAMNTEEYGWPRQKMSGEGPTQTSKCEFHMNFYKGKQRVQFHITDTGDQKCPSQKMIHCIFKVYCGHMDIITCDAMVMMMWCGPEGFLFCAGLPPTDEMWSQDGCIQDKCMRFYMKLKWQDHWMRQYMVNNQQP"	"v u p l n l w p s p"	"9606"	"N5S3T3"	"uniprot"	"Protein;Polypeptide;BiologicalEntity;NamedThing;Entity"
K8B2U8	"TDVFIEDPAHSHLTSLSICPGHCDKMEYFSICQNWDTEKMPMPMKQNFIIEWYRKCIIWEHFRLIGAQYYETSGVFINQVNQNDARGTVHKLMYQLRAAKFMSYCQTNENYWGVRINSLNFHEMQSACYSFPYWLRTIASTMPLWKVCRECTITIQQQEQMRDQDVDSIHELDQESWVHVFYCTAYVIRFHSFDWCYNQRNVTSMQESQIHMFLGQFDRMKCSDSDCTQDKLMTNQMVPMPIQVDDI"	"o h x l z h g s z u"	"9606"	"K8B2U8"	"uniprot"	"Protein;Polypeptide;BiologicalEntity;NamedThing;Entity"
M7F3V1	"PITMRNMGFHSAFYAFHCKQYWDIFPCTRHEIHPWDHFNHLTIGDAVRKRQRHYG"	"a c j e o y r s v m"	"9606"	"M7F3V1"	"uniprot"	"Protein;Polypeptide;BiologicalEntity;NamedThing;Entity"
Y8M8A9	"RDTEVRRCRQHWSLIIYGHTGEDVVYCCKLMETQMNIEDYVEDEHQPYSMYGKLMYHSLMGEYVYQYIFHSLDMNDVPFMVVGRPWHSLGVVQHIALYEQMWMRLYECANGEYQDMWKEIGPTCRAHDGHQYKILSRLEEEQEEKMLLYIPIWMSWIKFKAFMHMWGFSYYFSCHHTLQEFFYCCMDSVPYVDWSMSEITCVYNNHTYPWWVAKPIGTGETHPVGTDDIYHDG"	"t j k a x g c h n p"	"9606"	"Y8M8A9"	"uniprot"	"Protein;Polypeptide;BiologicalEntity;NamedThing;Entity"
H3H4G4	"TAWKMLPTRSVLIAQSVCPEWYCAADEAVLAKPYVIRVILGHPTFCVYQTRMWNHESFGWAGKCMHLGMMYPMCNRSPIDVQMAMLHERHILSDFYICLFWKMHYTCAFCCSIAVCKWLRSNPDCGSSPLEYNCDWIEHVNPRQTGPHDF"	"k g c b c j o x n p"	"9606"	"H3H4G4"	"uniprot"	"Protein;Polypeptide;BiologicalEntity;NamedThing;Entity"
W4R6Z7	"PNWWDATMSRCPMDRMGQPSKCDLVGHIGPPFDLSCARWTNSHNRKCKNARIKQEMHSRKGNRVKHFDTHMHHMILVQTFTTFEDAHWDCENDNYCAAGYPSQFIHKASITNFRRDQRHPTYNFPEVRLDKPDNYHIKPNYKEAYSQPHHYNMMNMITGDRYQHTWRIQQNDGAWMYILFWDQQYKPKYYWDIV"	"i h r a t r s j j p"	"9606"	"W4R6Z7"	"uniprot"	"Protein;Polypeptide;BiologicalEntity;NamedThing;Entity"
Z6A5B1	"QGKIHVDKIDCHIMIQMHYWSWVDEYHRRIMADNVHKWANCNEFNMKKVPECKLQSGKTNFWGPNGQCAQPVNEEASDDGHYQIKDNNNKAQDKSIILFCAEHIRGYLACSWMHSARTEMARYR"	"x w j s n x v n r h"	"9606"	"Z6A5B1"	"uniprot"	"Protein;Polypeptide;BiologicalEntity;NamedThing;Entity"
A6C0S6	"RLKCREVASFPFQCERILFCGAQYCARKQLGQIALFHQFMSNAWTLVEISCTWCHDFANYKNQSVQMPGGTITCEGRGWKQEPDHQINFMWPVCVTWVKWTEKTPLPWYHFIMQNYCEILAEQRTKMVFAQPCMHMNEPSIWVGGFSHCHKYGSCSYGFLIYNHPCCPIAQTWEEEWLSMPQADWCRYPTDEADHELISCTIPCKNFFDVHYYIHILVCRDSKFDHCEKLRSEKGWIRTYGW"	"j c c d g y x z k u"	"9606"	"A6C0S6"	"uniprot"	"Protein;Polypeptide;BiologicalEntity;NamedThing;Entity"
G8J8K4	"HNIMHDPVSDIHREICRGQDCGRSIMCEMWFSYEVDLRRLIDVSRYTTLNMTFFCCCHKLDLVQEWSIWFLANFNEFLKV"	"f b c e w n x w r v"	"9606"	"G8J8K4"	"uniprot"	"Protein;Polypeptide;BiologicalEntity;NamedThing;Entity"
Q4E4P2	"PKLMVVAPPTCKMCNGETEVITAGAWYMLFHHDNSNDQAKCWDTDVSSQCTHEFNVTLACDKYLWKRYMIIPDMATFKFDNMATIVLNKKQLQCVATNRVMQNYLIVSTHGVVEKANAEDLIAMGDQAFHIMFEPMAGFLKFDKCAWQVGGIICGYTYHCERGDVAALHPNQDNFLVYQAYNSRPCEEFYFAGIQGGLI"	"t i t d r j e g g p"	"9606"	"Q4E4P2"	"uniprot"	"Protein;Polypeptide;BiologicalEntity;NamedThing;Entity"
R5O3C1	"YCLIDKNYVVDQSHPFNYEAYEGATFTSAVGYLIVPSLDECHVPIMLDLEEMQHPGLVSEVWWYWRCMIPQVMWHWTECGKYTHQLYNLCHRTVKVYQTKRYIDQWELYGRVEVGNIWVNLVNIACIECMTSIALDWRIAMDNDREFG"	"e i i j c n d d c l"	"9606"	"R5O3C1"	"uniprot"	"Protein;Polypeptide;BiologicalEntity;NamedThing;Entity"
P6F9Y9	"IDYRAFKLGPRICCGQGHVYGVPYHANYSDDTICIVEFDIANSFPPQQKKVPPKVWTGLKFTVWMGGTRSDLMMSMFVCTFTMFTYHQMDPHLFRVAHQRRNWSNHFDGPCSGADAHVWNRMRWTWVMCADHPTTFHGSVDKHCVDLSENYSCGQPTDFCSWEQCGTACFQIAWDKIEKRHAYVVWKQLLAIKCRWLKRVEEDQRTDNFVNQVRWTYKLIKMPHIYTTAVMIW"	"b x p v k t n c k q"	"9606"	"P6F9Y9"	"uniprot"	"Protein;Polypeptide;BiologicalEntity;NamedThing;Entity"
D9T3F1	"SFRLEDTRGLFECMEGEMHCWNLKYVKKGWVREKQQPSAMMAMVNWAVPVCFDCYIYRDFGHK"	"q l v q l i q u v w"	"9606"	"D9T3F1"	"uniprot"	"Protein;Polypeptide;BiologicalEntity;NamedThing;Entity"
H7M7Y3	"HVIALYRFLNKKKIHTMRSDSGWVSEDPTPNFNSNMTYPGVQTRESDCCATFQGCNWRKVCVNTKGKDTTNTFAG"	"b a v l c s n j c w"	"9606"	"H7M7Y3"	"uniprot"	"Protein;Polypeptide;BiologicalEntity;NamedThing;Entity"
G4U1B7	"CVAIPPGLVHDAETPVGITAMYAWKTKNAQLNPKIAQCFCFANNPACVNTKSQVCQIQMIYNSEDRCWLPRTGCDANMNPIDFPHPNNACHQSWTFKYIIGIGGSNQKMLDM"	"j v m z r p d g x a"	"9606"	"G4U1B7"	"uniprot"	"Protein;Polypeptide;BiologicalEntity;NamedThing;Entity"
O1G8G0	"GIYEMKRVHEANQFYGIGPYDEAWTLQHHMNEMTVSQPPFVDESVYFCPVVWHYGFNPKRDTAVFNFCNEWCFPAVMKIPLEQRLPNQEACIHERGMPCFCWQKALVQMKTGKRVLDWLAFCYFYGRVY"	"u c u r z b m h e b"	"9606"	"O1G8G0"	"uniprot"	"Protein;Polypeptide;BiologicalEntity;NamedThing;Entity"
Q9K7U4	"KNPNSRGSGGFKMYYHIMMENYNGLACTAVASGFVLRDWAAKWMCFTAQEPCFECPCIICICRTPGINILLCGYGVAHSSVGQFLTQTNNNVEDIHICSPKAVHHSNINDFCFSVNHKQLFEMNAYVKEIRCNWVYHSRVPSVMREMKTKDAMPLLN"	"k l k q u g k y l q"	"9606"	"Q9K7U4"	"uniprot"	"Protein;Polypeptide;BiologicalEntity;NamedThing;Entity"
H4X9X1	"YVYFYFCKGIYDYTHIHQSVNSEWYWTDCSTVWPDRYIGGQRATYQDEGSADTEMRPHQYPHFWWADYYGQCIFGVMPVWTKGGQFYWFCWAGVAYSGYCKHVKWMYSPNGIQKIDFYSMPTVNGVAMDLVGQHYMTHFNCSAMKQNLDHWKCNFWHQLWKFNQPGCWPDEIDGCTWPCLMQHCGEMCWAYHHLHPNIACAFTQPQDDMVYQFVMLVIQAGDTSWHHHRWNCWEGHHAIMPVG"	"a y r y o p p w y z"	"9606"	"H4X9X1"	"uniprot"	"Protein;Polypeptide;BiologicalEntity;NamedThing;Entity"
R1P8D5	"LHHNQSVNILLCEERAPSYMHCIKQRCCNKLIDLNKVCAFHRHNTDFHWNINESRTMDSNTVNVLPCHGPQMPNTLSL"	"u h d h v q a r q v"	"9606"	"R1P8D5"	"uniprot"	"Protein;Polypeptide;BiologicalEntity;NamedThing;Entity"
U6Y5N3	"QVEASWRYHKWHFYISMIVWGPPFYQHIERMYFARAPYVQSILSHPVWYQNANGMANNNKNKASARNDVFCTDWSARNEYCANSAVRTCDWMPPIQRYGWCMRYFHCELRWAVELFGNDADQGNWPDMNDSRC"	"n f k r m z r o o w"	"9606"	"U6Y5N3"	"uniprot"	"Protein;Polypeptide;BiologicalEntity;NamedThing;Entity"
G7B6O1	"CMRVCCDSGEQPDPKYNKITCIDIHWMDTLGHDMTEMTLYHQPMMVYAVNHKMRWQPCYFTWSSQYVCQTRASRDREDCMANATQSSHADFCIHTDQPDSFAVTQRGQEDYSSEVTLCWDKAEWKVVFECTCGGPEMNHKKFWFCTLQRHHCWTKFLQSRKIETRDLQFCAEPAQYPCMDIMWQTNYGYMSGQNMFSILDYEWVNWRQHGTHIPLCSHKLQDLISHVSGCHPYGYRRRFSQRAVN"	"z e b o r x l o g j"	"9606"	"G7B6O1"	"uniprot"	"Protein;Polypeptide;BiologicalEntity;NamedThing;Entity"
E5S4J7	"NGQDDTSERMNLGMYAAMWSSRHPYTVFSWGTKYLCGQFALHHEVGFICSIPESRWYYPIFVVNPSNMMLDMKVRSCIKDMLELQGTLWMLELNMYDMRDIICEILWMGIPPMPFKLCYKSAFISNERTHCGNIDVSDMGSMIRELLRAQFLTPPCMAAMQLHKWVNKLSLNEHDLCTNDQKLTPFIMHLNWAEDSHTMICERNKQAYSVYGFCPWQQGQMSTPLQRVEIMIHPKPWG"	"a a g p r e j j p z"	"9606"	"E5S4J7"	"uniprot"	"Protein;Polypeptide;BiologicalEntity;NamedThing;Entity"
Q0A9P2	"QRWMSMFWYFGCVYVHMMYASPIKDGPARDHVDGGFQEWAEYGHHFYSWRCAGQTSHWGMMVKQTPSYMNCPLMAFRQKEDNWKRHCHDNNGRPFNEGENFLMLAQRRHAMVPYGLRHSFGRQLLGCSHVNDCHFQEHEHQKWWSMLGMEHSSYAREAK"	"c d e d f w v v m y"	"9606"	"Q0A9P2"	"uniprot"	"Protein;Polypeptide;BiologicalEntity;NamedThing;Entity"
H5I9Q6	"YECCWGPEQFAGPSHNVDEYMVCAWRKFKKNRLCVSQQPITNNSMSQHYKAKCVLRVLQTMHMEMSDALLHDEKRSEFWAPNDDCSWFIGFNLIERWYKVMTFFQMFMRPWGQIWWRCLMVWTLHGDFYNLKQGPDMYPTQCAVLWSKGPRVSKFNYWPHPR"	"f v a b f u x b d e"	"9606"	"H5I9Q6"	"uniprot"	"Protein;Polypeptide;BiologicalEntity;NamedThing;Entity"
L3P1Q3	"HDLFAVINTETVQNNDLNKSQKGFCITLDMYHRQLHMSWTLVSPECAWKFCDIPAYQGFEMYPASQVRGDWGCYDSR"	"q y e u x q f z q e"	"9606"	"L3P1Q3"	"uniprot"	"Protein;Polypeptide;BiologicalEntity;NamedThing;Entity"
E0W0Y4	"NCQDGELMVNNNAVVPPQNQVDIPGKEYMFLDWFVSPQCRVAALWKSGLCMQTVECGQGDDYLEQRHCPTRWTPVVVYIPIDQLMNWGPYWDDIMYKFPQDTHRALHLQHITNKRMSHLVHAHTCYW"	"e y a k a k p i j r"	"9606"	"E0W0Y4"	"uniprot"	"Protein;Polypeptide;BiologicalEntity;NamedThing;Entity"
T3B8H6	"TTQERWIKLMNSALAHNKDVRNASTWGVQTFCSCFVWKRWRKEENSTRVKYDIIPGDKD"	"i p d v n w v n u h"	"9606"	"T3B8H6"	"uniprot"	"Protein;Polypeptide;BiologicalEntity;NamedThing;Entity"
J6U1N0	"RRGQRWSFRPGGQLPKQLVTPNESDYTKWQSEMSYRLHQNVGSGGCVGNCHHFASVEWCLPQAPPYYDPNKKHQRCRFQLSSPLFANAAQPPGTIKLDGIQNMNMHVDTMAMIHEFVQVFKCYIAAIFFWSQDEEQHIYRKQFGYDHHSMPEPREWMYFRMKLAPKPTWSMMSTANRYYSIKMTRWICTRAYDCGGK"	"q z x j q u n j s d"	"9606"	"J6U1N0"	"uniprot"	"Protein;Polypeptide;BiologicalEntity;NamedThing;Entity"
I1K4X0	"SLSQYSIETSSAQSLWDNMQIFHNQRPKGCLGDKHWTCTDTGYRFRWSPHIQWHQQPTLQFSWSDDLCGTDDYVSILVPDFKAGGRLGYSAVDNWHHEVCMDWIKIGNSLVDLGRMLWHRMQHQEPM"	"m z c s i q s s i v"	"9606"	"I1K4X0"	"uniprot"	"Protein;Polypeptide;BiologicalEntity;NamedThing;Entity"
W5O4F8	"NHFQPNRHLGDKQQRQKLLQDFFPMNGTPHCQTKQKMFIAPGDGCTKFQAFQNQERSNVHGYSLSILWFKYVDSMAPAWNHIGKPPPQCQKNYVDTWWSMDILN"	"u i f l u n j x g j"	"9606"	"W5O4F8"	"uniprot"	"Protein;Polypeptide;BiologicalEntity;NamedThing;Entity"
T5B9H5	"CNGCACFDHARFVNINAIIDWKLHNNCSTIPEALHETNRMLGPWHNHHEMSILYLKMHQKQCYWLTTMMDLEEYGQLPEFRMMDFLYPGIHMIWYYRRYVAAWKKQVVLQATDDMMSGVLSMDDEGLNTRERRNDWRDVIYGPIVKGK"	"b r x v p i j y g b"	"9606"	"T5B9H5"	"uniprot"	"Protein;Polypeptide;BiologicalEntity;NamedThing;Entity"
D1A0D9	"CVNKPEIRNYDIEPWMKGILMPCIRDVMDRTFFPNIMLAQIHPMRKKKPRAVSGYMRFVNENHFRPFCIGALGGPFPEQRIAHLGYCEYVMACGYAKGKHPDFCRHKMGYNNTHGGVVHGGVEPLEQEELIVAIKWCRHWKVMADHIHVVEWMTVKSNMMRQMNWKLDLNTFVCDYNNAKA"	"h i w j g b g q t t"	"9606"	"D1A0D9"	"uniprot"	"Protein;Polypeptide;BiologicalEntity;NamedThing;Entity"
O3W3H3	"NAMINTEERYDHFPYMVIYMSNQDDDQACRCFHARVEDHFRKRMQLPRYWFPDCARENNRNLKLYHTQTQECEKTNSRTFEISWEKWGDDQHSICLPLDFYSALIPFQ"	"h n f k d g f t f v"	"9606"	"O3W3H3"	"uniprot"	"Protein;Polypeptide;BiologicalEntity;NamedThing;Entity"
M4L0A4	"YDIPTIIKRDLSHNCMPNYEHTFKCHWNGEKVPIVMSISAIYSRLTCCLNWMAHVYMGRYFSNNLDRMYSIIATWLGCICKVMWQETRHPRAASFIVTGPMCEIGIADLAPMSYAVHWAEYAEWQRGMWFALWSACLKDERGRDLW"	"w e p d h f k v q u"	"9606"	"M4L0A4"	"uniprot"	"Protein;Polypeptide;BiologicalEntity;NamedThing;Entity"
E6F8I1	"KNTKEDVDFEKLLFELPIRKDCYFECPTPYNSHQPMDCTHIARETQYWLILPAYWPWTVEELIGSCPQHAELCMFTMTVLRMHNMEDAALSWGKHGACAHHDKMHGMIQQWHHNDGSVSAAGIKKDWYLSEEKAFRGTIRKTPQQIPMTYMVFKVIMCHYFPLWCCKGHCRVIRECKEMTPQSIYNTRHWFWLNCHQLTDAIASIHCVFKRCHFVDNITHCNYFVVTASHRPLGNKWNIYAPFDQENPFW"	"k w e n j y d s h y"	"9606"	"E6F8I1"	"uniprot"	"Protein;Polypeptide;BiologicalEntity;NamedThing;Entity"
C4K8W2	"GKKDSIHIQIGEYDHKQDDDTAIKNKYDFEKRTQETYHSMETRQMAVEIDCEDVQHSCAMHAQGDSRKWWFTSE"	"k m f n g f j u n y"	"9606"	"C4K8W2"	"uniprot"	"Protein;Polypeptide;BiologicalEntity;NamedThing;Entity"
V4T6D0	"QFIHQNLALIEYEERVEHQRMSWFIVEYFNGFSQCTYYCPHMIWTGAKICKLIDKNGSYYSCFQMIRRECWAPHMELVKVADSWGFKRRVTGDMFLGKIVPNQRSWLFHL"	"x k e v g l b z z z"	"9606"	"V4T6D0"	"uniprot"	"Protein;Polypeptide;BiologicalEntity;NamedThing;Entity"
D2Z3Y5	"PMSDQPQVTQKFMMQQSTIDMCNLLHRMVWIWTPCYLAFFHIYTRRLGMAFHAAIFLCTDRPAWELPVCWMVNSTWKWAVPQLLTCAHDIGIEMCHNIWITPIGCMVPRYWPYCPMYHIFMWTSVWHWWYQFVKNANTAGIAVFKIMDWREPWHNDPWPELPFRLIFMIPWGALR"	"u o u e r y o h t f"	"9606"	"D2Z3Y5"	"uniprot"	"Protein;Polypeptide;BiologicalEntity;NamedThing;Entity"
F4A5W2	"IMFEMIDHIDVTKTWWFRFSTMTIKAPECGLREKWGPHSSHWYVIEYPVTMQPNWQLQKAQGAMTVHCKGCFKNIHVDEDTMAIQRGDTCTYATLINGTLQTWQVNKCGHMFAWLVMVAYYSLQSFCQIWCDVYFD"	"u m n k e e w d e z"	"9606"	"F4A5W2"	"uniprot"	"Protein;Polypeptide;BiologicalEntity;NamedThing;Entity"
B3J4V0	"LCFTGYYASVYIHCVLHCKETNGKTKDRNRVWWTRNKSTHHCCVKTGEIVIENNMTMDYYIIDSHGKRTVCQCNRWVVDTECPMLEMPSFSGENHYGTPI"	"a v p v t u r j x g"	"9606"	"B3J4V0"	"uniprot"	"Protein;Polypeptide;BiologicalEntity;NamedThing;Entity"
V8H5B3	"ECDKWYLYMFRFMLVFWHTEMQIEHGERFTGENERVDTTGIKCCITTSECHYWHRMEKLYHN"	"e u b s c w n h q n"	"9606"	"V8H5B3"	"uniprot"	"Protein;Polypeptide;BiologicalEntity;NamedThing;Entity"
P7P4B2	"NFICFCKQQEEWNDDTYQPRHGGPQPVVPFCMQRNPVSLIWLSACHILCPDAFREEQMTQFNAATADSILSFIRH"	"u j g o o l x v x n"	"9606"	"P7P4B2"	"uniprot"	"Protein;Polypeptide;BiologicalEntity;NamedThing;Entity"
A0Y4H2	"HYGEINWNINTLQMKADMSRNVSFAEWYAMQEPPMNTQYWPWEMLVWMQRHIRDENGKMPSLSYKLAILLEESGCDFDTYHESKMCPGQLGVVYKIKIIKWKRSNIDHFIDPEHVMDTAGHHFIINQYHLQIKNGLAECILMEQWRASEYCERIFEPRSSVYDFGMETFWNVGDQWWCRVLHIVLKFHEDIYEG"	"p a p v d k o p b h"	"9606"	"A0Y4H2"	"uniprot"	"Protein;Polypeptide;BiologicalEntity;NamedThing;Entity"
V6O1P0	"QSDHVMLYLVWKGTCRPTWGHMMLAYKCEEYMVKKANHQGDEKCEWCACAGGPLNTRTVTVEEG"	"k l g d x d r e g r"	"9606"	"V6O1P0"	"uniprot"	"Protein;Polypeptide;BiologicalEntity;NamedThing;Entity"
Y4C6S7	"ELPLVCWMRDMEYPHDMSEFCRDPSSNYHFYMNKREHHASECLFDVIKCFHDHSPTGRCELDCECPDWCSHQRLHNHNFTLYPMMKTLLAFKWVDYDLVMIGHTDRNFNNPPYEQMTNMQQRLNPLPQNCTGFHDPDCSDEMCHFQKVHNQNTTFQVHHRDQSISPQHWMVGVMGFPNYAYCFWKGIYILWHMLQKESMPNYQMQPMDMKNPGFHTRRYRHTEYNGAMNDFLVDQNRHEKTRSHD"	"d r m a g n u r r t"	"9606"	"Y4C6S7"	"uniprot"	"Protein;Polypeptide;BiologicalEntity;NamedThing;Entity"
O4C0K0	"LSSTITKNNRDNHRQNWMFSKLRTTYQAFWVIFGFLRHWNSPYLSFAPYDYIHQYMPRFWHIMHHAGVTDIWAKWGAKPYHSQWEMGPAPTEAKAITEDFNKGNHIDTTLSLTFACFPARFQHTLDKFCSGGEKKCARFAEGIGIGAWCGPPGMIYDNKHNFKSMDKQHLLTSVCSRCTRFGKHFYQSAP"	"i j j d v z f x l r"	"9606"	"O4C0K0"	"uniprot"	"Protein;Polypeptide;BiologicalEntity;NamedThing;Entity"
N7B8L0	"FVCCVSMTPVWHQCAINFVIGEMEPNIEFTANPTLDSPGRQIHLDHFPMKYVSWTVDWHVFAPRTEMDYFAIWYEAGCTYEHKNKALAVAYQKENSFVFYGQYDRKWSQHDEMRQQTWKMFSQPLHAHWDSFASHKFHRHKSLE"	"g f v z i w f g t h"	"9606"	"N7B8L0"	"uniprot"	"Protein;Polypeptide;BiologicalEntity;NamedThing;Entity"
A0Z8C4	"YDTQEHEAYHYKDTMSQFPIEYVIMRSFKAYYDCFPGRARGVTKVAHECTNGISMIAMQKMSTLAHHVCTQVARTPWAVGYICQINWQWNGVFILPYHMQERYTMGMGYYPVTFYGYGAGFYGSTSSPFM"	"v p x o l f b l o b"	"9606"	"A0Z8C4"	"uniprot"	"Protein;Polypeptide;BiologicalEntity;NamedThing;Entity"
H6V7P2	"WRAQQRPKNPVMLFMMDRCMYWRQIPKCRREKWIAYQYVLYSCRATGEEMMFACHTLDKPTPRMIRIHPDHFSSDMQWRSWIGEYIPKKPFGQQKALWAVRPGSFTHWWHKSVVSPERKVDERGKINVRNEMQLWPVFNTHWWREHTDNFNCSLCVLKTMLFISSTSAYMERYKSQCWRQKGWGVGNFFYGDYENHLDAMVRRVYHQRSWCKMQFMQVSIEWGTHHEAPESLRLQMKYSQDER"	"f o w m j q m s k t"	"9606"	"H6V7P2"	"uniprot"	"Protein;Polypeptide;BiologicalEntity;NamedThing;Entity"
Y0H4V2	"GLWYNTTLYGIDDMIEELFIFAADISSKVMNQHFDDMYVSIDCGEGCDWAGYQWDEPFGKPSMYLHVKATDCWPVHLKFWNRVDFSMVPATMPWMEYSNQRTFPMFHQENVPPGMMGNCWLLTLNCFLAFILIFEHYEKCFKDHNCKFSCQNSFSYWEEHTRKVKLTRTWHTHAQPTETHSREYENCYGFVAIWCHLHIPTA"	"b g a m f b l h a e"	"9606"	"Y0H4V2"	"uniprot"	"Protein;Polypeptide;BiologicalEntity;NamedThing;Entity"
K4C2Y8	"AGVITRVVHKHRQVGRYDFWACERIAVHFWWQLQQCYCFYKKFSMILTKQYGGSFKP"	"d f p w k f y n m g"	"9606"	"K4C2Y8"	"uniprot"	"Protein;Polypeptide;BiologicalEntity;NamedThing;Entity"
T4F5W7	"DLMINYQMANLVYYWWREKKEWPSIKLQHIWLPPLKTCPFAHFPHCPRCYKFYHDWVGQISQFMEYHKSGICSGFYAKKHVPHNMAFTMIWLHCRKPLLYGTLWTSPYAWMPKEWDDVNLAQRHFTAHGYTEQAHGKDHQ"	"f h t h o d t o v y"	"9606"	"T4F5W7"	"uniprot"	"Protein;Polypeptide;BiologicalEntity;NamedThing;Entity"
H6G3A6	"QPPDWVICNPSGTQGCIEQSVFFTYSNCVNEQGSHAFQYQDHDRLMFYVNECNCEQGAAEGSNQADREFCRYIRLCQARKGHGMQQEYIITIHKFIDRGKNRLRDAVIGHNIRHQQDEKNEYGMAQYGSHYWNASGGYICSNATVVFSSFNKDDDYRLYYITNSGMYAIMFCVIDWVCTPTDEYFVGTGSNWTLQIIRQTRDGERLDRMYVKCEWGKLWAHYIFKGDDSP"	"u s i p t z w a n q"	"9606"	"H6G3A6"	"uniprot"	"Protein;Polypeptide;BiologicalEntity;NamedThing;Entity"
